"項目","単位","1985.0","1986.0","1987.0","1988.0","1989.0","1990.0","1991.0","1992.0","1993.0","1994.0","1995.0","1996.0","1997.0","1998.0","1999.0","2000.0","2001.0","2002.0","2003.0","2004.0","2005.0","2006.0","2007.0","2008.0","2009.0","有効数字(少数桁)"
"","","","","","","","","","","","","","","","","","","","","","","","","","","",""
"","","","","","","","","","","","","","","","","","","","","","","","","","","",""
"Ｔ-01 医療施設数及び病床数の推移_医療施設数_病院","","92.0","94.0","96.0","98.0","100.0","98.0","98.0","98.0","97.0","96.0","96.0","95.0","95.0","94.0","93.0","92.0","92.0","91.0","93.0","92.0","91.0","94.0","93.0","92.0","92.0","92.0"
"Ｔ-01 医療施設数及び病床数の推移_医療施設数_一般診療所","","850.0","863.0","875.0","876.0","879.0","893.0","912.0","938.0","943.0","979.0","986.0","1007.0","1037.0","1061.0","1071.0","1083.0","1090.0","1075.0","1077.0","1084.0","1083.0","1083.0","1084.0","1070.0","1068.0","1059.0"
"Ｔ-01 医療施設数及び病床数の推移_医療施設数_歯科診療所","","462.0","481.0","481.0","492.0","505.0","498.0","511.0","525.0","525.0","530.0","543.0","546.0","551.0","555.0","569.0","571.0","569.0","561.0","558.0","564.0","560.0","559.0","561.0","554.0","556.0","550.0"
"Ｔ-01 医療施設数及び病床数の推移_病院病床数_総数","床","14700.0","15040.0","15305.0","15524.0","15903.0","15736.0","15791.0","15724.0","15565.0","15527.0","15585.0","15395.0","15327.0","15291.0","15301.0","15015.0","14820.0","14655.0","14640.0","14655.0","14576.0","14620.0","14374.0","14324.0","14397.0","14296.0"
"Ｔ-01 医療施設数及び病床数の推移_病院病床数_精神病床","床","2997.0","2999.0","2999.0","2999.0","2999.0","2999.0","2999.0","3085.0","2981.0","2951.0","2951.0","2930.0","2917.0","2889.0","2879.0","2845.0","2679.0","2625.0","2595.0","2595.0","2555.0","2491.0","2369.0","2369.0","2369.0","2349.0"
"Ｔ-01 医療施設数及び病床数の推移_病院病床数_結核病床","床","751.0","751.0","751.0","751.0","751.0","556.0","556.0","544.0","469.0","469.0","469.0","456.0","410.0","410.0","372.0","332.0","318.0","284.0","283.0","283.0","201.0","201.0","166.0","166.0","166.0","166.0"
"Ｔ-01 医療施設数及び病床数の推移_病院病床数_感染症病床","床","302.0","302.0","284.0","274.0","274.0","251.0","226.0","188.0","171.0","171.0","171.0","171.0","171.0","171.0","132.0","101.0","83.0","87.0","87.0","","11796.0","2889.0","24.0","24.0","24.0","24.0"
"Ｔ-01 医療施設数及び病床数の推移_病院病床数_療養・一般その他病床","床","10650.0","10988.0","11271.0","11500.0","11879.0","11930.0","12010.0","11907.0","11944.0","11936.0","11994.0","11838.0","11829.0","11821.0","11918.0","11737.0","11740.0","11659.0","11675.0","9009.0","","9015.0","11815.0","11765.0","11838.0","11757.0"
"Ｔ-01 医療施設数及び病床数の推移_一般診療所病床数","床","2684.0","2644.0","2662.0","2652.0","2714.0","2785.0","2791.0","2842.0","2865.0","2909.0","2929.0","2866.0","2781.0","2802.0","2593.0","2490.0","2324.0","2301.0","2241.0","2191.0","2099.0","1936.0","1892.0","1829.0","1812.0","1667.0"
"","","","","","","","","","","","","","","","","","","","","","","","","","","",""
"Ｔ-02 県内病院における在院及び外来患者数_平均在院患者数_ 総 数","人","11957.0","12210.0","12316.0","12419.0","12633.9","12523.5","12535.2","12316.8","12199.6","12304.0","12118.6","12271.9","12149.0","12112.0","12079.0","12374.0","12331.0","12265.2","12068.7","12151.2","12056.5","11900.0","11716.6","11765.5","11644.5","11518.2"
"Ｔ-02 県内病院における在院及び外来患者数_平均在院患者数_ 精神","人","2966.0","2926.0","2919.0","2902.0","2853.7","2803.4","2785.1","2738.5","2727.1","2694.8","2673.8","2657.3","2613.0","2555.0","2498.0","2485.0","2455.0","2448.2","2381.2","2343.4","2272.9","2196.6","2121.7","2110.5","2082.1","1975.1"
"Ｔ-02 県内病院における在院及び外来患者数_平均在院患者数_感染症","人","1.0","0.0","0.0","0.0","0.0","0.0","0.0","0.0","0.0","0.0","0.0","2.1","0.0","0.0","0.0","0.0","－ ","－ ","－ ","0.1","0.0","－ ","0.1","-","-","0.1"
"Ｔ-02 県内病院における在院及び外来患者数_平均在院患者数_ 結核","人","456.0","409.0","363.0","334.0","311.2","250.2","235.6","236.0","211.7","193.4","192.9","190.8","176.0","155.0","161.0","151.0","152.0","132.8","122.0","105.8","101.1","107.3","97.2","97.7","90.2","95.5"
"Ｔ-02 県内病院における在院及び外来患者数_平均在院患者数_療養・一般その他","人","8534.0","8875.0","9034.0","9183.0","9469.0","9469.9","9514.5","9342.3","9260.8","9415.8","9251.9","9421.7","9360.0","9402.0","9421.0","9738.0","9724.0","9684.2","9565.5","9702.0","9682.5","9596.1","9497.6","9557.3","9465.9","9447.5"
"Ｔ-02 県内病院における在院及び外来患者数_１日平均外来患者","人","13568.0","14274.0","14850.0","15516.0","16263.8","16825.6","17310.6","17420.0","17592.1","17622.5","17654.9","17971.4","18140.0","17845.0","17972.0","18393.0","18537.0","18241.4","14117.5","13931.0","13449.8","13065.7","12709.1","12404.5","12349.3","12295.8"
"Ｔ-02 県内病院における在院及び外来患者数_平均在院日数_ 精神","日","983.4","919.0","923.9","834.3","846.5","906.3","863.7","759.3","697.1","692.4","721.1","632.8","661.8","585.2","557.5","527.6","494.1","470.2","457.2","460.8","458.7","397.1","386.3","380.0","375.3","347.0"
"Ｔ-02 県内病院における在院及び外来患者数_平均在院日数_ 結核","日","327.8","287.6","261.2","234.7","211.4","203.6","196.1","189.0","181.4","189.0","172.8","192.6","179.6","169.1","182.6","135.2","162.1","145.4","130.2","113.1","105.1","113.7","122.4","113.8","137.4","137.0"
"Ｔ-02 県内病院における在院及び外来患者数_平均在院日数_療養・一般その他","日","44.7","44.4","43.6","43.0","42.7","41.7","41.5","40.1","38.6","38.4","36.9","36.7","36.6","35.5","34.6","34.5","34.0","32.8","31.3","31.7","30.9","29.6","28.6","28.6","28.9","28.3"
"","","","","","","","","","","","","","","","","","","","","","","","","","","",""
"","","","","","","","","","","","","","","","","","","","","","","","","","","",""
"Ｔ-04 特定死因別死亡者数_Ａ．主要死因別死亡者数の推移_全死因","人","8921.0","9036.0","8981.0","9201.0","8913.0","9281.0","9387.0","9641.0","9741.0","9653.0","10064.0","9747.0","9770.0","10037.0","10185.0","10225.0","10297.0","10167.0","10404.0","10600.0","11251.0","11031.0","11256.0","11679.0","11736.0","12310.0"
"Ｔ-04 特定死因別死亡者数_Ａ．主要死因別死亡者数の推移_結核","人","59.0","52.0","65.0","50.0","40.0","37.0","30.0","49.0","31.0","37.0","44.0","33.0","25.0","25.0","37.0","29.0","25.0","20.0","16.0","27.0","32.0","23.0","16.0","28.0","19.0","36.0"
"Ｔ-04 特定死因別死亡者数_Ａ．主要死因別死亡者数の推移_悪性新生物","人","2140.0","2146.0","2278.0","2249.0","2337.0","2392.0","2482.0","2471.0","2589.0","2556.0","2731.0","2902.0","2890.0","2934.0","2961.0","3019.0","3083.0","3073.0","3071.0","3235.0","3264.0","3270.0","3384.0","3234.0","3385.0","3457.0"
"Ｔ-04 特定死因別死亡者数_Ａ．主要死因別死亡者数の推移_悪性新生物_胃","人","617.0","-","-","-","-","562.0","589.0","558.0","539.0","546.0","527.0","539.0","533.0","525.0","545.0","583.0","527.0","498.0","471.0","533.0","546.0","502.0","516.0","515.0","498.0","468.0"
"Ｔ-04 特定死因別死亡者数_Ａ．主要死因別死亡者数の推移_悪性新生物_結腸","人","･･･","-","-","-","-","･･･","…","…","…","…","171.0","202.0","179.0","216.0","199.0","232.0","253.0","222.0","226.0","264.0","254.0","254.0","248.0","259.0","241.0","297.0"
"Ｔ-04 特定死因別死亡者数_Ａ．主要死因別死亡者数の推移_悪性新生物_肝及び肝内胆管","人","･･･","-","-","-","-","･･･","…","…","…","…","394.0","449.0","435.0","435.0","424.0","514.0","452.0","439.0","461.0","436.0","411.0","385.0","418.0","362.0","393.0","364.0"
"Ｔ-04 特定死因別死亡者数_Ａ．主要死因別死亡者数の推移_悪性新生物_膵","人","･･･","-","-","-","-","･･･","…","…","…","…","178.0","185.0","189.0","170.0","216.0","207.0","197.0","207.0","224.0","236.0","240.0","266.0","215.0","266.0","251.0","276.0"
"Ｔ-04 特定死因別死亡者数_Ａ．主要死因別死亡者数の推移_悪性新生物_気管（支）、肺","人","345.0","-","-","-","-","438.0","460.0","473.0","470.0","483.0","506.0","564.0","569.0","574.0","522.0","595.0","616.0","599.0","622.0","615.0","699.0","669.0","732.0","684.0","729.0","728.0"
"Ｔ-04 特定死因別死亡者数_Ａ．主要死因別死亡者数の推移_悪性新生物_子宮","人","61.0","-","-","-","-","42.0","61.0","60.0","49.0","59.0","46.0","51.0","52.0","49.0","56.0","60.0","45.0","58.0","40.0","63.0","52.0","56.0","53.0","34.0","58.0","62.0"
"Ｔ-04 特定死因別死亡者数_Ａ．主要死因別死亡者数の推移_糖尿病","人","113.0","116.0","103.0","103.0","84.0","98.0","90.0","103.0","92.0","118.0","162.0","137.0","129.0","111.0","113.0","110.0","100.0","118.0","143.0","105.0","126.0","109.0","105.0","131.0","148.0","134.0"
"Ｔ-04 特定死因別死亡者数_Ａ．主要死因別死亡者数の推移_高血圧性疾患","人","121.0","124.0","112.0","118.0","94.0","81.0","87.0","98.0","87.0","102.0","78.0","76.0","69.0","75.0","66.0","75.0","72.0","44.0","40.0","50.0","54.0","47.0","54.0","51.0","53.0","37.0"
"Ｔ-04 特定死因別死亡者数_Ａ．主要死因別死亡者数の推移_心疾患","人","1858.0","1867.0","1819.0","1978.0","1946.0","2011.0","2050.0","2196.0","2266.0","1881.0","1663.0","1595.0","1610.0","1715.0","1786.0","1706.0","1669.0","1773.0","1778.0","1719.0","1996.0","1870.0","1876.0","1962.0","1985.0","2140.0"
"Ｔ-04 特定死因別死亡者数_Ａ．主要死因別死亡者数の推移_心疾患_急性心筋梗塞","人","･･･","-","-","-","-","･･･","…","…","…","…","598.0","536.0","510.0","525.0","539.0","503.0","493.0","491.0","557.0","471.0","･･･","･･･","･･･","･･･","･･･","･･･"
"Ｔ-04 特定死因別死亡者数_Ａ．主要死因別死亡者数の推移_心疾患_他の虚血性心疾患","人","･･･","-","-","-","-","･･･","…","…","…","…","275.0","306.0","277.0","283.0","304.0","282.0","324.0","340.0","287.0","326.0","･･･","･･･","･･･","･･･","･･･","･･･"
"Ｔ-04 特定死因別死亡者数_Ａ．主要死因別死亡者数の推移_心疾患_心不全","人","1182.0","-","-","-","-","1305.0","1354.0","1480.0","1605.0","1054.0","498.0","492.0","533.0","633.0","687.0","648.0","574.0","653.0","676.0","638.0","･･･","･･･","･･･","･･･","･･･","･･･"
"Ｔ-04 特定死因別死亡者数_Ａ．主要死因別死亡者数の推移_脳血管疾患","人","1597.0","1583.0","1456.0","1532.0","1425.0","1418.0","1385.0","1315.0","1262.0","1324.0","1590.0","1492.0","1418.0","1344.0","1359.0","1288.0","1241.0","1142.0","1167.0","1144.0","1183.0","1121.0","1109.0","1140.0","1059.0","996.0"
"Ｔ-04 特定死因別死亡者数_Ａ．主要死因別死亡者数の推移_脳血管疾患_くも膜下出血","人","･･･","-","-","-","-","･･･","…","…","…","…","91.0","98.0","98.0","92.0","118.0","104.0","85.0","113.0","96.0","103.0","･･･","･･･","･･･","･･･","･･･","･･･"
"Ｔ-04 特定死因別死亡者数_Ａ．主要死因別死亡者数の推移_脳血管疾患_脳内出血","人","･･･","-","-","-","-","･･･","…","…","…","…","291.0","292.0","262.0","260.0","267.0","283.0","276.0","255.0","280.0","226.0","･･･","･･･","･･･","･･･","･･･","･･･"
"Ｔ-04 特定死因別死亡者数_Ａ．主要死因別死亡者数の推移_脳血管疾患_脳梗塞","人","833.0","-","-","-","-","803.0","785.0","733.0","734.0","803.0","1054.0","983.0","972.0","921.0","907.0","855.0","818.0","720.0","751.0","768.0","･･･","･･･","･･･","･･･","･･･","･･･"
"Ｔ-04 特定死因別死亡者数_Ａ．主要死因別死亡者数の推移_大動脈瘤及び解離","人","･･･","-","-","-","-","･･･","…","…","…","…","63.0","56.0","49.0","67.0","81.0","78.0","86.0","100.0","80.0","78.0","117.0","104.0","103.0","121.0","125.0","139.0"
"Ｔ-04 特定死因別死亡者数_Ａ．主要死因別死亡者数の推移_肺炎","人","409.0","-","-","-","-","571.0","665.0","690.0","709.0","830.0","813.0","744.0","780.0","810.0","860.0","895.0","899.0","819.0","933.0","996.0","1079.0","1047.0","1137.0","1229.0","1159.0","1222.0"
"Ｔ-04 特定死因別死亡者数_Ａ．主要死因別死亡者数の推移_慢性閉塞性肺疾患","人","･･･","-","-","-","-","･･･","…","…","…","…","145.0","144.0","146.0","135.0","114.0","139.0","140.0","158.0","144.0","171.0","148.0","189.0","175.0","202.0","188.0","208.0"
"Ｔ-04 特定死因別死亡者数_Ａ．主要死因別死亡者数の推移_喘息","人","･･･","-","-","-","-","･･･","…","…","…","…","67.0","54.0","58.0","52.0","46.0","42.0","42.0","32.0","31.0","30.0","28.0","25.0","26.0","25.0","25.0","35.0"
"Ｔ-04 特定死因別死亡者数_Ａ．主要死因別死亡者数の推移_肝疾患","人","･･･","-","-","-","-","･･･","…","…","…","…","184.0","160.0","165.0","172.0","158.0","166.0","172.0","141.0","139.0","149.0","150.0","165.0","156.0","166.0","164.0","176.0"
"Ｔ-04 特定死因別死亡者数_Ａ．主要死因別死亡者数の推移_腎不全","人","･･･","-","-","-","-","･･･","…","…","…","…","155.0","160.0","169.0","171.0","161.0","195.0","197.0","196.0","231.0","214.0","240.0","205.0","223.0","270.0","246.0","285.0"
"Ｔ-04 特定死因別死亡者数_Ａ．主要死因別死亡者数の推移_老衰","人","･･･","-","-","-","-","･･･","…","…","…","…","353.0","352.0","370.0","415.0","370.0","387.0","367.0","426.0","449.0","380.0","404.0","409.0","430.0","539.0","555.0","709.0"
"Ｔ-04 特定死因別死亡者数_Ａ．主要死因別死亡者数の推移_不慮の事故","人","308.0","303.0","332.0","366.0","323.0","336.0","347.0","352.0","360.0","391.0","447.0","398.0","400.0","437.0","438.0","437.0","450.0","413.0","361.0","408.0","434.0","422.0","424.0","406.0","404.0","445.0"
"Ｔ-04 特定死因別死亡者数_Ａ．主要死因別死亡者数の推移_不慮の事故_交通事故","人","125.0","-","-","-","-","137.0","148.0","148.0","150.0","156.0","158.0","129.0","149.0","157.0","124.0","133.0","148.0","123.0","99.0","105.0","･･･","･･･","･･･","･･･","･･･","･･･"
"Ｔ-04 特定死因別死亡者数_Ａ．主要死因別死亡者数の推移_自殺","人","285.0","287.0","283.0","266.0","244.0","213.0","204.0","221.0","221.0","208.0","228.0","231.0","254.0","295.0","288.0","276.0","317.0","284.0","271.0","265.0","267.0","254.0","258.0","293.0","258.0","236.0"
"Ｔ-04 特定死因別死亡者数_Ａ．主要死因別死亡者数の推移_その他の死因","人","2031.0","-","-","-","-","2124.0","2047.0","2146.0","2124.0","2206.0","1341.0","1213.0","1238.0","1279.0","1347.0","1383.0","1437.0","1428.0","1550.0","1629.0","1729.0","･･･","1780.0","1882.0","1963.0","2055.0"
"","","","","","","","","","","","","","","","","","","","","","","","","","","",""
"","","","","","","","","","","","","","","","","","","","","","","","","","","",""
"Ｔ-06 医師，歯科医師数_Ａ．医  師_医師総数","人","－ ","1841.0","－ ","1953.0","－ ","2025.0","－ ","2149.0","－ ","2189.0","－ ","2320.0","－ ","2382.0","－ ","2472.0","－ ","2548.0","－ ","2602.0","－ ","2647.0","－ ","2720.0","－ ","－ "
"Ｔ-06 医師，歯科医師数_Ａ．医  師_医師総数_医療施設の従事者","人","－ ","1766.0","－ ","1887.0","－ ","1967.0","－ ","2085.0","－ ","2134.0","－ ","2236.0","－ ","2289.0","－ ","2373.0","－ ","2446.0","－ ","2486.0","－ ","2532.0","－ ","2601.0","－ ","－ "
"Ｔ-06 医師，歯科医師数_Ａ．医  師_医師総数_医療施設の従事者_病院、診療所の開設者","人","－ ","714.0","－ ","729.0","－ ","686.0","－ ","675.0","－ ","842.0","－ ","850.0","－ ","878.0","－ ","908.0","－ ","914.0","－ ","892.0","－ ","873.0","－ ","889.0","－ ","－ "
"Ｔ-06 医師，歯科医師数_Ａ．医  師_医師総数_医療施設の従事者_病院、診療所の勤務者","人","－ ","1052.0","－ ","－ ","－ ","－ ","－ ","－ ","－ ","960.0","－ ","1028.0","－ ","1048.0","－ ","1103.0","－ ","1145.0","－ ","1189.0","－ ","1233.0","－ ","1389.0","－ ","－ "
"Ｔ-06 医師，歯科医師数_Ａ．医  師_医師総数_医療施設の従事者_医療機関付属病院の勤務者","人","－ ","－ ","－ ","－ ","－ ","－ ","－ ","－ ","－ ","332.0","－ ","358.0","－ ","363.0","－ ","362.0","－ ","387.0","－ ","405.0","－ ","426.0","－ ","323.0","－ ","－ "
"Ｔ-06 医師，歯科医師数_Ａ．医  師_医師総数_医療施設の従事者_介護老人保健施設の従事者","人","－ ","－ ","－ ","－ ","－ ","4.0","－ ","6.0","－ ","7.0","－ ","16.0","－ ","23.0","－ ","26.0","－ ","30.0","－ ","32.0","－ ","37.0","－ ","30.0","－ ","－ "
"Ｔ-06 医師，歯科医師数_Ａ．医  師_医師総数_医療施設の従事者_医療施設・介護老人保健施設以外の従事者","人","－ ","52.0","－ ","44.0","－ ","42.0","－ ","46.0","－ ","39.0","－ ","55.0","－ ","56.0","－ ","58.0","－ ","58.0","－ ","61.0","－ ","59.0","－ ","63.0","－ ","－ "
"Ｔ-06 医師，歯科医師数_Ａ．医  師_医師総数_医療施設の従事者_その他","人","－ ","23.0","－ ","22.0","－ ","12.0","－ ","12.0","－ ","9.0","－ ","13.0","－ ","14.0","－ ","15.0","－ ","14.0","－ ","23.0","－ ","19.0","－ ","26.0","－ ","－ "
"","","","","","","","","","","","","","","","","","","","","","","","","","","",""
"Ｔ-06 医師，歯科医師数_Ｂ.歯科医師_医師総数","人","－ ","595.0","－ ","617.0","－ ","619.0","－ ","647.0","－ ","662.0","－ ","677.0","－ ","677.0","－ ","706.0","－ ","711.0","－ ","731.0","－ ","722.0","－ ","726.0","－ ","－ "
"Ｔ-06 医師，歯科医師数_Ｂ.歯科医師_医師総数_医療施設の従事者","人","－ ","577.0","－ ","595.0","－ ","605.0","－ ","629.0","－ ","640.0","－ ","662.0","－ ","663.0","－ ","692.0","－ ","694.0","－ ","719.0","－ ","710.0","－ ","711.0","－ ","－ "
"Ｔ-06 医師，歯科医師数_Ｂ.歯科医師_医師総数_医療施設の従事者_病院、診療所の開設者","人","－ ","461.0","－ ","485.0","－ ","500.0","－ ","515.0","－ ","531.0","－ ","538.0","－ ","540.0","－ ","558.0","－ ","545.0","－ ","548.0","－ ","537.0","－ ","534.0","－ ","－ "
"Ｔ-06 医師，歯科医師数_Ｂ.歯科医師_医師総数_医療施設の従事者_病院、診療所の勤務者","人","－ ","116.0","－ ","･･･","－ ","･･･","－ ","･･･","－ ","92.0","－ ","108.0","－ ","107.0","－ ","118.0","－ ","129.0","－ ","153.0","－ ","155.0","－ ","162.0","－ ","－ "
"Ｔ-06 医師，歯科医師数_Ｂ.歯科医師_医師総数_医療施設の従事者_医療機関付属病院の勤務者","人","－ ","","－ ","･･･","－ ","･･･","－ ","･･･","－ ","17.0","－ ","16.0","－ ","16.0","－ ","16.0","－ ","20.0","－ ","18.0","－ ","18.0","－ ","15.0","－ ","－ "
"Ｔ-06 医師，歯科医師数_Ｂ.歯科医師_医師総数_医療施設の従事者_介護老人保健施設の従事者","人","－ ","","－ ","－ ","－ ","－ ","－ ","－ ","－ ","－ ","－ ","－ ","－ ","－ ","－ ","－ ","－ ","1.0","－ ","－ ","－ ","－ ","－ ","－ ","－ ","－ "
"Ｔ-06 医師，歯科医師数_Ｂ.歯科医師_医師総数_医療施設の従事者_医療施設・介護老人保健施設以外の従事者","人","－ ","3.0","－ ","3.0","－ ","1.0","－ ","3.0","－ ","2.0","－ ","2.0","－ ","1.0","－ ","3.0","－ ","5.0","－ ","1.0","－ ","1.0","－ ","2.0","－ ","－ "
"Ｔ-06 医師，歯科医師数_Ｂ.歯科医師_医師総数_医療施設の従事者_その他","人","－ ","15.0","－ ","19.0","－ ","13.0","－ ","15.0","－ ","20.0","－ ","13.0","－ ","13.0","－ ","11.0","－ ","11.0","－ ","11.0","－ ","11.0","－ ","13.0","－ ","－ "
"","","","","","","","","","","","","","","","","","","","","","","","","","","",""
"Ｔ-07 薬剤師数_薬剤師総数","人","－ ","1343.0","－ ","1400.0","－ ","1413.0","－ ","1590.0","－ ","1598.0","－ ","1857.0","－ ","1895.0","－ ","1966.0","－ ","2009.0","－ ","2041.0","－ ","2094.0","－ ","2101.0","－ ","－ "
"Ｔ-07 薬剤師数_薬剤師総数_医療施設の従事者_薬局開設者","人","－ ","302.0","－ ","302.0","－ ","300.0","－ ","300.0","－ ","273.0","－ ","292.0","－ ","288.0","－ ","281.0","－ ","263.0","－ ","251.0","－ ","238.0","－ ","223.0","－ ","－ "
"Ｔ-07 薬剤師数_薬剤師総数_医療施設の従事者_薬局勤務者","人","－ ","18.0","－ ","196.0","－ ","195.0","－ ","212.0","－ ","224.0","－ ","294.0","－ ","339.0","－ ","401.0","－ ","487.0","－ ","592.0","－ ","618.0","－ ","666.0","－ ","－ "
"Ｔ-07 薬剤師数_薬剤師総数_医療施設の従事者_病院、診療所の勤務者","人","－ ","298.0","－ ","317.0","－ ","400.0","－ ","439.0","－ ","458.0","－ ","516.0","－ ","529.0","－ ","527.0","－ ","515.0","－ ","510.0","－ ","507.0","－ ","497.0","－ ","－ "
"Ｔ-07 薬剤師数_薬剤師総数_大学勤務者、大学院生","人","－ ","64.0","－ ","－ ","－ ","･･･","－ ","･･･","－ ","6.0","－ ","7.0","－ ","7.0","－ ","6.0","－ ","7.0","－ ","4.0","－ ","4.0","－ ","7.0","－ ","－ "
"Ｔ-07 薬剤師数_薬剤師総数_衛生行政機関、保健衛生施設の従事者","人","－ ","","－ ","－ ","－ ","･･･","－ ","･･･","－ ","67.0","－ ","63.0","－ ","64.0","－ ","75.0","－ ","70.0","－ ","65.0","－ ","66.0","－ ","69.0","－ ","－ "
"Ｔ-07 薬剤師数_薬剤師総数_医薬品の製造、販売企業従事者","人","－ ","180.0","－ ","197.0","－ ","179.0","－ ","218.0","－ ","221.0","－ ","282.0","－ ","275.0","－ ","277.0","－ ","312.0","－ ","243.0","－ ","248.0","－ ","252.0","－ ","－ "
"Ｔ-07 薬剤師数_薬剤師総数_その他","人","－ ","319.0","－ ","331.0","－ ","282.0","－ ","359.0","－ ","349.0","－ ","403.0","－ ","393.0","－ ","399.0","－ ","355.0","－ ","376.0","－ ","412.0","－ ","387.0","－ ","－ "
"","","","","","","","","","","","","","","","","","","","","","","","","","","",""
"Ｔ-09 保健所，就業場所別看護師・准看護師数_総数__看護師","人","－ ","2339.0","－ ","2533.0","－ ","2705.0","－ ","3129.0","－ ","3538.0","－ ","4100.0","－ ","4623.0","－ ","5297.0","－ ","5706.0","－ ","6312.0","－ ","6803.0","－ ","7544.0","－ ","－ "
"Ｔ-09 保健所，就業場所別看護師・准看護師数_総数__准看護師","人","－ ","3171.0","－ ","3779.0","－ ","3980.0","－ ","4162.0","－ ","4328.0","－ ","4533.0","－ ","4701.0","－ ","4954.0","－ ","4853.0","－ ","4707.0","－ ","4597.0","－ ","4265.0","－ ","－ "
"Ｔ-09 保健所，就業場所別看護師・准看護師数_総数_病院_看護師","人","－ ","2015.0","－ ","2226.0","－ ","2361.0","－ ","2675.0","－ ","3023.0","－ ","3442.0","－ ","3695.0","－ ","4167.0","－ ","4411.0","－ ","4867.0","－ ","5259.0","－ ","5724.0","－ ","－ "
"Ｔ-09 保健所，就業場所別看護師・准看護師数_総数_病院_准看護師","人","－ ","2227.0","－ ","2685.0","－ ","2695.0","－ ","2717.0","－ ","2690.0","－ ","2644.0","－ ","2528.0","－ ","2514.0","－ ","2301.0","－ ","2111.0","－ ","2022.0","－ ","1775.0","－ ","－ "
"Ｔ-09 保健所，就業場所別看護師・准看護師数_総数_診療所_看護師","人","－ ","200.0","－ ","217.0","－ ","243.0","－ ","297.0","－ ","336.0","－ ","358.0","－ ","436.0","－ ","482.0","－ ","583.0","－ ","631.0","－ ","756.0","－ ","897.0","－ ","－ "
"Ｔ-09 保健所，就業場所別看護師・准看護師数_総数_診療所_准看護師","人","－ ","894.0","－ ","1047.0","－ ","1198.0","－ ","1306.0","－ ","1410.0","－ ","1543.0","－ ","1616.0","－ ","1701.0","－ ","1727.0","－ ","1660.0","－ ","1614.0","－ ","1535.0","－ ","－ "
"Ｔ-09 保健所，就業場所別看護師・准看護師数_総数_その他の就業場所_看護師","人","－ ","124.0","－ ","90.0","－ ","101.0","－ ","157.0","－ ","179.0","－ ","300.0","－ ","492.0","－ ","648.0","－ ","712.0","－ ","814.0","－ ","788.0","－ ","923.0","－ ","－ "
"Ｔ-09 保健所，就業場所別看護師・准看護師数_総数_その他の就業場所_准看護師","人","－ ","50.0","－ ","47.0","－ ","87.0","－ ","139.0","－ ","228.0","－ ","346.0","－ ","557.0","－ ","739.0","－ ","825.0","－ ","936.0","－ ","961.0","－ ","955.0","－ ","－ "
"","","","","","","","","","","","","","","","","","","","","","","","","","","",""
"Ｔ-10 保健所，就業場所別助産師数_総数","人","－ ","170.0","－ ","196.0","－ ","185.0","－ ","189.0","－ ","189.0","－ ","204.0","－ ","207.0","－ ","210.0","－ ","221.0","－ ","186.0","－ ","227.0","－ ","238.0","-","-"
"Ｔ-10 保健所，就業場所別助産師数_総数_助産所_開設者","人","－ ","31.0","－ ","35.0","－ ","16.0","－ ","16.0","－ ","15.0","－ ","14.0","－ ","16.0","－ ","11.0","－ ","13.0","－ ","15.0","－ ","18.0","－ ","17.0","-","-"
"Ｔ-10 保健所，就業場所別助産師数_総数_助産所_従事者","人","－ ","－ ","－ ","－ ","－ ","－ ","－ ","－ ","－ ","－ ","－ ","－ ","－ ","1.0","－ ","4.0","－ ","5.0","－ ","5.0","－ ","3.0","－ ","1.0","-","-"
"Ｔ-10 保健所，就業場所別助産師数_総数_助産所_出張のみ","人","－ ","10.0","－ ","5.0","－ ","7.0","－ ","6.0","－ ","1.0","－ ","4.0","－ ","2.0","－ ","1.0","－ ","0.0","－ ","1.0","－ ","3.0","－ ","4.0","-","-"
"Ｔ-10 保健所，就業場所別助産師数_総数_病院","人","－ ","94.0","－ ","125.0","－ ","133.0","－ ","134.0","－ ","140.0","－ ","143.0","－ ","146.0","－ ","153.0","－ ","157.0","－ ","125.0","－ ","145.0","－ ","156.0","-","-"
"Ｔ-10 保健所，就業場所別助産師数_総数_診療所","人","－ ","24.0","－ ","21.0","－ ","22.0","－ ","25.0","－ ","24.0","－ ","33.0","－ ","36.0","－ ","35.0","－ ","38.0","－ ","32.0","－ ","47.0","－ ","47.0","-","-"
"Ｔ-10 保健所，就業場所別助産師数_総数_保健所","人","－ ","－ ","－ ","－ ","－ ","－ ","－ ","1.0","－ ","1.0","－ ","1.0","－ ","2.0","－ ","－ ","－ ","4.0","－ ","1.0","－ ","2.0","－ ","-","-","-"
"Ｔ-10 保健所，就業場所別助産師数_総数_学校・養成所・その他","人","－ ","11.0","－ ","10.0","－ ","7.0","－ ","7.0","－ ","8.0","－ ","9.0","－ ","4.0","－ ","6.0","－ ","4.0","－ ","7.0","－ ","9.0","－ ","13.0","-","-"
"","","","","","","","","","","","","","","","","","","","","","","","","","","",""
"Ｔ-11 保健師数_保健師総数","人","－ ","198.0","－ ","218.0","－ ","237.0","－ ","247.0","－ ","260.0","－ ","305.0","－ ","329.0","－ ","341.0","－ ","385.0","－ ","381.0","－ ","391.0","－ ","439.0","－ ","－ "
"Ｔ-11 保健師数_保健師総数_保健師学校及び養成所","人","－ ","3.0","－ ","3.0","－ ","3.0","－ ","3.0","－ ","4.0","－ ","3.0","－ ","10.0","－ ","3.0","－ ","10.0","－ ","9.0","－ ","12.0","－ ","12.0","－ ","－ "
"Ｔ-11 保健師数_保健師総数_保健所_所内","人","－ ","104.0","－ ","104.0","－ ","103.0","－ ","106.0","－ ","100.0","－ ","116.0","－ ","105.0","－ ","71.0","－ ","75.0","－ ","113.0","－ ","107.0","－ ","128.0","－ ","－ "
"Ｔ-11 保健師数_保健師総数_保健所_所外","人","－ ","－ ","－ ","－ ","－ ","－ ","－ ","－ ","－ ","－ ","－ ","－ ","－ ","－ ","－ ","－ ","－ ","－ ","－ ","－ ","－ ","－ ","－ ","－ ","－ ","－ "
"Ｔ-11 保健師数_保健師総数_市町村","人","－ ","82.0","－ ","103.0","－ ","117.0","－ ","128.0","－ ","140.0","－ ","162.0","－ ","188.0","－ ","243.0","－ ","265.0","－ ","223.0","－ ","234.0","－ ","245.0","－ ","－ "
"Ｔ-11 保健師数_保健師総数_病院・診療所","人","－ ","－ ","－ ","2.0","－ ","11.0","－ ","8.0","－ ","10.0","－ ","8.0","－ ","9.0","－ ","10.0","－ ","13.0","－ ","5.0","－ ","5.0","－ ","10.0","－ ","－ "
"Ｔ-11 保健師数_保健師総数_訪問看護ステーション","人","","","","","","","","","","","","","","","","","","－ ","－ ","－ ","－ ","2.0","－ ","5.0","－ ","－ "
"Ｔ-11 保健師数_保健師総数_事業所","人","－ ","6.0","－ ","6.0","－ ","3.0","－ ","2.0","－ ","4.0","－ ","8.0","－ ","15.0","－ ","4.0","－ ","6.0","－ ","10.0","－ ","24.0","－ ","16.0","－ ","－ "
"Ｔ-11 保健師数_保健師総数_介護老人保健・社会福祉施設","人","","","","","","","","","","","","","","","","","","－ ","－ ","－ ","－ ","6.0","－ ","4.0","－ ","－ "
"Ｔ-11 保健師数_保健師総数_その他","人","－ ","3.0","－ ","－ ","－ ","－ ","－ ","－ ","－ ","2.0","－ ","8.0","－ ","9.0","－ ","10.0","－ ","16.0","－ ","21.0","－ ","1.0","－ ","19.0","－ ","－ "
"","","","","","","","","","","","","","","","","","","","","","","","","","","",""
"Ｔ-12 その他の医療従事者数_あん摩・マッサージ・指圧師","人","－ ","2220.0","－ ","2070.0","－ ","2115.0","－ ","2139.0","－ ","2148.0","－ ","2162.0","－ ","2124.0","－ ","2162.0","－ ","915.0","－ ","751.0","－ ","668.0","－ ","745.0","－ ","－ "
"Ｔ-12 その他の医療従事者数_はり師","人","－ ","763.0","－ ","801.0","－ ","880.0","－ ","922.0","－ ","933.0","－ ","959.0","－ ","1001.0","－ ","1055.0","－ ","779.0","－ ","742.0","－ ","736.0","－ ","833.0","－ ","－ "
"Ｔ-12 その他の医療従事者数_きゅう師","人","－ ","741.0","－ ","795.0","－ ","873.0","－ ","913.0","－ ","923.0","－ ","951.0","－ ","989.0","－ ","1041.0","－ ","770.0","－ ","721.0","－ ","714.0","－ ","804.0","－ ","－ "
"Ｔ-12 その他の医療従事者数_柔道整復師","人","－ ","224.0","－ ","361.0","－ ","400.0","－ ","430.0","－ ","444.0","－ ","464.0","－ ","486.0","－ ","515.0","－ ","433.0","－ ","453.0","－ ","465.0","－ ","516.0","－ ","－ "
"Ｔ-12 その他の医療従事者数_歯科衛生士","人","－ ","239.0","－ ","275.0","－ ","329.0","－ ","371.0","－ ","408.0","－ ","463.0","－ ","489.0","－ ","509.0","－ ","590.0","－ ","637.0","－ ","696.0","－ ","764.0","－ ","－ "
"Ｔ-12 その他の医療従事者数_歯科技工士","人","－ ","281.0","－ ","283.0","－ ","295.0","－ ","321.0","－ ","336.0","－ ","335.0","－ ","356.0","－ ","350.0","－ ","338.0","－ ","174.0","－ ","154.0","－ ","339.0","－ ","－ "
"","","","","","","","","","","","","","","","","","","","","","","","","","","",""
"Ｔ-13 医薬品営業施設数_薬局","","－ ","－ ","－ ","－ ","－ ","－ ","－ ","438.0","444.0","441.0","435.0","431.0","431.0","423.0","421.0","415.0","414.0","434.0","440.0","450.0","457.0","457.0","451.0","451.0","441.0","448.0"
"Ｔ-13 医薬品営業施設数_一般販売業","","","","","","","","","","","","","","","","","","","","","","","","","","","214.0"
"Ｔ-13 医薬品営業施設数_薬種商販売業","","－ ","－ ","－ ","－ ","－ ","－ ","－ ","155.0","157.0","164.0","170.0","205.0","205.0","210.0","215.0","229.0","213.0","119.0","118.0","115.0","116.0","110.0","107.0","107.0","62.0","5.0"
"Ｔ-13 医薬品営業施設数_特例販売業","","－ ","－ ","－ ","－ ","－ ","－ ","－ ","245.0","252.0","250.0","256.0","257.0","257.0","255.0","252.0","245.0","239.0","234.0","232.0","220.0","217.0","207.0","192.0","192.0","177.0","53.0"
"","","－ ","－ ","－ ","－ ","－ ","－ ","－ ","113.0","113.0","96.0","92.0","85.0","85.0","83.0","82.0","79.0","75.0","77.0","82.0","81.0","81.0","64.0","67.0","67.0","42.0","35.0"
"Ｔ-14 市町村別環境衛生営業施設数_ 理容所","","","","","","","","","","","","","","","","","","","","","","","","","","",""
"Ｔ-14 市町村別環境衛生営業施設数_ 美容所","","1677.0","1684.0","1675.0","－ ","－ ","－ ","1683.0","1681.0","1634.0","1637.0","1670.0","1625.0","1583.0","…","1582.0","1564.0","1576.0","1576.0","1546.0","1540.0","1538.0","1536.0","1499.0","1499.0","1488.0","1464.0"
"Ｔ-14 市町村別環境衛生営業施設数_ｸﾘ-ﾆﾝｸﾞ所","","1893.0","1952.0","2011.0","－ ","－ ","－ ","2081.0","2106.0","2108.0","2138.0","2129.0","2150.0","2151.0","…","2185.0","2224.0","2249.0","2238.0","2344.0","2350.0","2400.0","2402.0","2385.0","2441.0","2480.0","2468.0"
"Ｔ-14 市町村別環境衛生営業施設数_公衆浴場","","1153.0","1160.0","1209.0","－ ","－ ","－ ","1164.0","1188.0","1172.0","1172.0","1190.0","1208.0","1260.0","…","1281.0","1299.0","1289.0","1296.0","1246.0","1212.0","1217.0","1222.0","1203.0","1163.0","1175.0","859.0"
"","","－ ","－ ","－ ","－ ","－ ","－ ","142.0","138.0","130.0","128.0","123.0","122.0","116.0","…","177.0","166.0","98.0","97.0","82.0","82.0","80.0","74.0","59.0","56.0","53.0","46.0"
"","","","","","","","","","","","","","","","","","","","","","","","","","","",""
"Ｔ-15 保健所活動状況_Ａ．健康診断_健康診断受診延人員総数","","","","","","","","","","","","","","","","","","","","","","","","","","",""
"Ｔ-15 保健所活動状況_Ａ．健康診断_健康診断受診延人員総数_結核","人","229869.0","－ ","－ ","－ ","－ ","210927.0","205987.0","192079.0","159926.0","162185.0","150600.0","147102.0","96084.0","136843.0","94205.0","85041.0","79405.0","72495.0","109324.0","95058.0","59565.0","39332.0","30892.0","8758.0","7633.0","6472.0"
"Ｔ-15 保健所活動状況_Ａ．健康診断_健康診断受診延人員総数_結核_定期","","","－ ","－ ","－ ","－ ","","","","","","","","69034.0","        　91,836","        　64,834","57656.0","54584.0","58632.0","","","","","","","",""
"Ｔ-15 保健所活動状況_Ａ．健康診断_健康診断受診延人員総数_結核_定期外","人","132735.0","－ ","－ ","－ ","－ ","117485.0","112438.0","107609.0","91322.0","91867.0","81162.0","77196.0","","","","","","","99734.0","89486.0","53777.0","34589.0","26140.0","4305.0","4725.0","4149.0"
"Ｔ-15 保健所活動状況_Ａ．健康診断_健康診断受診延人員総数_精神","人","3741.0","－ ","－ ","－ ","－ ","1341.0","1540.0","3282.0","1168.0","1245.0","1086.0","1173.0","","","","","","","3060.0","3049.0","2543.0","2297.0","1893.0","2462.0","1881.0","1172.0"
"Ｔ-15 保健所活動状況_Ａ．健康診断_健康診断受診延人員総数_療育","人","238.0","－ ","－ ","－ ","－ ","190.0","130.0","151.0","127.0","75.0","114.0","342.0","105.0","94.0","－","－ ","－ ","－ ","669.0","133.0","119.0","202.0","138.0","153.0","133.0","125.0"
"Ｔ-15 保健所活動状況_Ａ．健康診断_健康診断受診延人員総数_生活習慣病_悪性新生物","人","1232.0","－ ","－ ","－ ","－ ","709.0","848.0","1031.0","957.0","752.0","858.0","740.0","499.0","464.0","447.0","305.0","164.0","199.0","158.0","163.0","150.0","172.0","319.0","126.0","119.0","93.0"
"Ｔ-15 保健所活動状況_Ａ．健康診断_健康診断受診延人員総数_生活習慣病_悪性新生物　胃がん","人","","－ ","－ ","－ ","－ ","","","","","","","","11118.0","　　　23,470","　　　18,184","13435.0","13050.0","2714.0","－ ","516.0","1440.0","1332.0","572.0","－ ","－ ","－ "
"Ｔ-15 保健所活動状況_Ａ．健康診断_健康診断受診延人員総数_生活習慣病_悪性新生物　子宮ガン","人","9726.0","－ ","－ ","－ ","－ ","5612.0","3353.0","2212.0","2514.0","2152.0","1949.0","1928.0","","","","","","","","","","","","","",""
"Ｔ-15 保健所活動状況_Ａ．健康診断_健康診断受診延人員総数_生活習慣病_悪性新生物　その他","人","9540.0","－ ","－ ","－ ","－ ","13848.0","10486.0","9460.0","10024.0","9819.0","9443.0","10093.0","","","","","","","","","","","","","",""
"Ｔ-15 保健所活動状況_Ａ．健康診断_健康診断受診延人員総数_生活習慣病_循環器疾患","人","16421.0","－ ","－ ","－ ","－ ","16977.0","26512.0","20728.0","11201.0","14884.0","18672.0","16731.0","","","","","","","","","","","","","",""
"Ｔ-15 保健所活動状況_Ａ．健康診断_健康診断受診延人員総数_生活習慣病_循環器疾患　一般診査","人","","－ ","－ ","－ ","－ ","","","","","","","－ ","3096.0"," 7,204"," 4,552","6597.0","5250.0","6204.0","55.0","－ ","－ ","－ ","－ ","－ ","－ ","31.0"
"Ｔ-15 保健所活動状況_Ａ．健康診断_健康診断受診延人員総数_生活習慣病_循環器疾患　精密検査","人","5199.0","－ ","－ ","－ ","－ ","5029.0","4088.0","2319.0","915.0","758.0","155.0","","","","","","","","","","","","","","",""
"Ｔ-15 保健所活動状況_Ａ．健康診断_健康診断受診延人員総数_生活習慣病_その他","人","877.0","－ ","－ ","－ ","－ ","2740.0","2107.0","610.0","604.0","0.0","－ ","","","","","","","","","","","","","","",""
"Ｔ-15 保健所活動状況_Ａ．健康診断_健康診断受診延人員総数_母子_妊産婦","人","5656.0","－ ","－ ","－ ","－ ","2116.0","921.0","891.0","848.0","814.0","685.0","532.0","5465.0","6348.0","3752.0","4856.0","4720.0","2301.0","260.0","－ ","513.0","－ ","－ ","－ ","25.0","－ "
"Ｔ-15 保健所活動状況_Ａ．健康診断_健康診断受診延人員総数_母子_療育を除く乳児","人","1423.0","－ ","－ ","－ ","－ ","494.0","299.0","314.0","181.0","209.0","40.0","612.0","-","－","－","－ ","29.0","81.0","－ ","－ ","11.0","－ ","－ ","－ ","－ ","－ "
"Ｔ-15 保健所活動状況_Ａ．健康診断_健康診断受診延人員総数_母子_療育を除く幼児","人","17327.0","－ ","－ ","－ ","－ ","21470.0","20408.0","18941.0","17731.0","19489.0","17680.0","16181.0","11.0","66.0","64.0","65.0","39.0","110.0","84.0","97.0","53.0","144.0","166.0","166.0","46.0","53.0"
"Ｔ-15 保健所活動状況_Ａ．健康診断_健康診断受診延人員総数_一般","人","14117.0","－ ","－ ","－ ","－ ","13541.0","14094.0","13508.0","14408.0","14311.0","12646.0","12618.0","5.0","71.0","146.0","111.0","47.0","93.0","30.0","39.0","22.0","65.0","49.0","49.0","8.0","37.0"
"Ｔ-15 保健所活動状況_Ａ．健康診断_健康診断受診延人員総数_その他","人","6332.0","－ ","－ ","－ ","－ ","5044.0","4589.0","5268.0","4553.0","4304.0","4171.0","6931.0","1898.0","2307.0","1920.0","1586.0","1220.0","1842.0","1199.0","1391.0","623.0","430.0","1117.0","1117.0","1105.0","717.0"
"","人","5305.0","－ ","－ ","－ ","－ ","4331.0","4174.0","5755.0","3373.0","1506.0","1939.0","2025.0","4783.0","4983.0","306.0","430.0","302.0","319.0","4075.0","184.0","314.0","101.0","498.0","498.0","41.0","95.0"
"Ｔ-15 保健所活動状況_Ｂ．母子保健_妊産婦保健指導_妊婦（延人員）","","","－ ","－ ","－ ","－ ","","","","","","","","","","","","","","","","","","","","",""
"Ｔ-15 保健所活動状況_Ｂ．母子保健_妊産婦保健指導_産婦（延人員）","人","5319.0","－ ","－ ","－ ","－ ","1478.0","1151.0","4054.0","2242.0","3091.0","3130.0","3278.0","1300.0","2090.0","3102.0","3112.0","2886.0","2984.0","3164.0","3364.0","3307.0","3456.0","3400.0","3530.0","3511.0","3768.0"
"Ｔ-15 保健所活動状況_Ｂ．母子保健_乳幼児保健指導_乳児（延人員）","人","3725.0","－ ","－ ","－ ","－ ","1930.0","1414.0","537.0","822.0","1321.0","756.0","581.0","718.0","915.0","942.0","1122.0","1038.0","1419.0","1757.0","2073.0","2101.0","2073.0","1630.0","1742.0","1234.0","1428.0"
"Ｔ-15 保健所活動状況_Ｂ．母子保健_乳幼児保健指導_乳児（実人員）","人","55488.0","－ ","－ ","－ ","－ ","30714.0","35900.0","34220.0","31739.0","31345.0","28126.0","30876.0","7699.0","9181.0","7613.0","8725.0","4928.0","5451.0","7130.0","6759.0","7136.0","7073.0","6918.0","6864.0","6069.0","7400.0"
"Ｔ-15 保健所活動状況_Ｂ．母子保健_訪問指導_妊産婦（延人員）","人","41248.0","－ ","－ ","－ ","－ ","28980.0","29875.0","26531.0","24088.0","24975.0","23290.0","26205.0","6078.0","6989.0","6097.0","7438.0","3823.0","3923.0","5504.0","5352.0","5301.0","5621.0","5485.0","5560.0","4951.0","6093.0"
"Ｔ-15 保健所活動状況_Ｂ．母子保健_訪問指導_新生児（延人員）","人","6917.0","－ ","－ ","－ ","－ ","3556.0","3799.0","3662.0","367.0","442.0","2562.0","2343.0","4092.0","3004.0","2742.0","2821.0","2903.0","2724.0","3128.0","3004.0","3007.0","3239.0","3133.0","3440.0","4166.0","4523.0"
"Ｔ-15 保健所活動状況_Ｂ．母子保健_訪問指導_未熟児（延人員）","人","4511.0","－ ","－ ","－ ","－ ","4040.0","2787.0","4016.0","376.0","155.0","2137.0","3139.0","2033.0","1719.0","842.0","900.0","1184.0","820.0","938.0","771.0","322.0","443.0","355.0","422.0","776.0","856.0"
"Ｔ-15 保健所活動状況_Ｂ．母子保健_訪問指導_妊娠中毒（実人員）","人","558.0","－ ","－ ","－ ","－ ","428.0","2289.0","3274.0","365.0","25.0","334.0","353.0","370.0","358.0","319.0","267.0","251.0","316.0","352.0","392.0","381.0","259.0","304.0","401.0","329.0","421.0"
"","人","296.0","－ ","－ ","－ ","－ ","68.0","3435.0","2995.0","410.0","215.0","161.0","303.0","-","－","－","－ ","－ ","－ ","－ ","－ ","－ ","－ ","－ ","－ ","－ ","－ "
"Ｔ-15 保健所活動状況_Ｃ．結核予防_ツベルクリン反応検査被注射者数","","","－ ","－ ","－ ","－ ","","","","","","","","","","","","","","","","","","","","",""
"Ｔ-15 保健所活動状況_Ｃ．結核予防_Ｂ．Ｃ．Ｇ．　接種者数","人","59377.0","－ ","－ ","－ ","－ ","45620.0","45537.0","44634.0","42066.0","41740.0","42187.0","","","44613.0","28841.0","28081.0","41241.0","38659.0","8797.0","10797.0","235.0","197.0","188.0","330.0","65.0","64.0"
"Ｔ-15 保健所活動状況_Ｃ．結核予防_エックス線撮影者数（直接＋間接）","人","26590.0","－ ","－ ","－ ","－ ","18713.0","18081.0","17561.0","16697.0","16688.0","23260.0","","","22749.0","15851.0","13632.0","19270.0","16352.0","8370.0","9796.0","7604.0","10321.0","7425.0","7735.0","7518.0","7327.0"
"","人","160398.0","－ ","－ ","－ ","－ ","168678.0","173779.0","156055.0","158093.0","174187.0","144902.0","","","228543.0","120422.0","119372.0","230752.0","243362.0","226264.0","210279.0","116398.0","89500.0","94577.0","87356.0","87794.0","92086.0"
"Ｔ-16 市町村別ごみ排出量及び処理の状況_総排出量","","","","","","","","","","","","","","","","","","","","","","","","","","",""
"Ｔ-16 市町村別ごみ排出量及び処理の状況_総排出量_計画収集量","トン","395117.0","390837.0","396911.0","410894.0","422175.0","426768.0","430146.0","432903.0","435490.0","438280.0","431849.0","427680.0","431355.0","459485.0","456087.0","453732.0","457371.0","454352.0","452950.0","445804.0","427716.0","443434.0","418922.0","403662.0","387731.0","387511.0"
"Ｔ-16 市町村別ごみ排出量及び処理の状況_総排出量_直接搬入量","トン","314177.0","311593.0","316719.0","328144.0","339488.0","341556.0","345835.0","348165.0","346569.0","347157.0","343120.0","338880.0","344279.0","356026.0","356900.0","360957.0","355740.0","349377.0","344319.0","334247.0","327496.0","332796.0","313309.0","308391.0","296993.0","292479.0"
"Ｔ-16 市町村別ごみ排出量及び処理の状況_総排出量_集団回収量","トン","63406.0","62795.0","62602.0","64157.0","65821.0","70884.0","75204.0","79005.0","81735.0","82909.0","85407.0","85907.0","83282.0","99344.0","95342.0","88211.0","97179.0","101472.0","106150.0","110150.0","100220.0","99704.0","94714.0","83830.0","79510.0","83911.0"
"Ｔ-16 市町村別ごみ排出量及び処理の状況_総収集量の処理内訳_直接焼却","トン","17534.0","16449.0","17590.0","18593.0","16866.0","14328.0","9107.0","5733.0","7186.0","8214.0","3322.0","2893.0","3794.0","4115.0","3845.0","4564.0","4452.0","3503.0","2481.0","1407.0","697.0","10934.0","10899.0","11441.0","11228.0","11121.0"
"Ｔ-16 市町村別ごみ排出量及び処理の状況_総収集量の処理内訳_直接最終処分","トン","－ ","－ ","－ ","－ ","－ ","－ ","－ ","－ ","331465.0","330058.0","331191.0","330164.0","329813.0","350301.0","357220.0","344614.0","351287.0","362733.0","361950.0","352557.0","343617.0","348104.0","332912.0","323504.0","310721.0","315276.0"
"Ｔ-16 市町村別ごみ排出量及び処理の状況_総収集量の処理内訳_粗大ごみ処理施設","トン","－ ","－ ","－ ","－ ","－ ","－ ","－ ","－ ","40169.0","39251.0","39554.0","37229.0","36381.0","39462.0","29466.0","19452.0","18650.0","16574.0","16992.0","16434.0","10220.0","10431.0","10502.0","8018.0","5446.0","4737.0"
"Ｔ-16 市町村別ごみ排出量及び処理の状況_総収集量の処理内訳_その他施設","トン","－ ","－ ","－ ","－ ","－ ","－ ","－ ","－ ","…","…","17666.0","17899.0","19108.0","16216.0","15687.0","30143.0","26802.0","11943.0","13661.0","14445.0","10173.0","12890.0","9351.0","8440.0","8503.0","7438.0"
"Ｔ-16 市町村別ごみ排出量及び処理の状況_総収集量の処理内訳_直接資源化","トン","－ ","－ ","－ ","－ ","－ ","－ ","－ ","－ ","…","…","…","5568.0","5235.0","4973.0","47895.0","25127.0","22936.0","55938.0","51936.0","53340.0","40047.0","51194.0","44300.0","35590.0","43608.0","40209.0"
"","トン","－ ","－ ","－ ","－ ","－ ","－ ","－ ","－ ","…","…","…","33927.0","37024.0","41855.0","1974.0","29832.0","33244.0","3661.0","5796.0","7930.0","9246.0","11156.0","10788.0","9997.0","6102.0","5756.0"
"","","","","","","","","","","","","","","","","","","","","","","","","","","",""
"Ｔ-17 し尿_Ａ．水洗化の状況（ 3月末）_水洗化人口","","","","","","","","","","","","","","","","","","","","","","","","","","",""
"Ｔ-17 し尿_Ａ．水洗化の状況（ 3月末）_水洗化人口_公共下水道","人","304173.0","321102.0","338509.0","350512.0","376590.0","391553.0","412752.0","420626.0","420626.0","446834.0","480651.0","532826.0","530313.0","579827.0","599672.0","627712.0","644848.0","671017.0","693016.0","713529.0","724032.0","722342.0","742762.0","749573.0","758876.0","785016.0"
"Ｔ-17 し尿_Ａ．水洗化の状況（ 3月末）_水洗化人口_コミュニティプラント","人","5568.0","6890.0","10548.0","12899.0","27032.0","28328.0","32955.0","27726.0","27726.0","30570.0","37121.0","70748.0","45176.0","54016.0","56906.0","59079.0","67335.0","75328.0","87321.0","96155.0","99903.0","111939.0","131537.0","140049.0","152634.0","173879.0"
"Ｔ-17 し尿_Ａ．水洗化の状況（ 3月末）_水洗化人口_浄化槽","人","","","","","","","","","","","","","","","","－ ","－ ","－ ","－ ","－ ","－ ","－ ","－ ","350.0","1921.0","437.0"
"Ｔ-17 し尿_Ａ．水洗化の状況（ 3月末）_水洗化人口_　合併浄化槽","人","297317.0","312962.0","326761.0","336441.0","348384.0","361970.0","378426.0","391559.0","391559.0","414949.0","440784.0","456073.0","485137.0","525811.0","542766.0","568633.0","577513.0","595689.0","605695.0","617374.0","624129.0","610403.0","611225.0","609174.0","604321.0","610700.0"
"Ｔ-17 し尿_Ａ．水洗化の状況（ 3月末）_水洗化人口_　単独浄化槽","人","－ ","－ ","－ ","－ ","－ ","－ ","－ ","－ ","－ ","－ ","－ ","－ ","－ ","－ ","－ ","－ ","－ ","－ ","－ ","－ ","－ ","－ ","－ ","－ ","－ ","－ "
"Ｔ-17 し尿_Ａ．水洗化の状況（ 3月末）_水洗化人口_　農業集落排水","人","－ ","－ ","－ ","－ ","－ ","－ ","－ ","－ ","－ ","－ ","－ ","－ ","－ ","－ ","－ ","－ ","－ ","－ ","－ ","－ ","－ ","－ ","－ ","－ ","－ ","－ "
"Ｔ-17 し尿_Ａ．水洗化の状況（ 3月末）_非水洗化人口","人","－ ","－ ","－ ","－ ","－ ","－ ","－ ","－ ","－ ","－ ","－ ","－ ","－ ","－ ","－ ","－ ","－ ","－ ","－ ","－ ","－ ","－ ","－ ","－ ","－ ","－ "
"Ｔ-17 し尿_Ａ．水洗化の状況（ 3月末）_非水洗化人口_計画収集","人","794241.0","774980.0","754987.0","740651.0","714205.0","700695.0","679755.0","655185.0","630250.0","599763.0","599763.0","547557.0","556152.0","517496.0","495210.0","464250.0","446532.0","412857.0","384247.0","358708.0","346137.0","340585.0","308954.0","294734.0","277813.0","238728.0"
"Ｔ-17 し尿_Ａ．水洗化の状況（ 3月末）_非水洗化人口_自家処理","人","･･･","･･･","･･･","･･･","･･･","･･･","･･･","･･･","･･･","582759.0","582759.0","533215.0","542965.0","508808.0","487648.0","457452.0","440595.0","409136.0","380941.0","355648.0","343445.0","338154.0","306744.0","292690.0","275907.0","237066.0"
"Ｔ-17 し尿_Ａ．水洗化の状況（ 3月末）_水洗化率","人","･･･","･･･","･･･","･･･","･･･","･･･","･･･","･･･","･･･","17004.0","17004.0","14342.0","13187.0","8688.0","7562.0","6798.0","5937.0","3721.0","3306.0","3060.0","2692.0","2431.0","2210.0","2044.0","1906.0","1662.0"
"","％","","","","","","","","","39.1","41.5","44.5","49.3","48.8","52.840139138612784","54.77046841577449","57.48478426904966","59.085561399329286","61.90913334944837","64.33118003681552","66.54582895386001","67.65585622457762","68.0","70.6","71.77707321697547","73.20189565047956","76.68088897224305"
"Ｔ-17 し尿_Ｂ．し尿処理の状況_総処理量（総排出量）","","","","","","","","","","","","","","","","","","","","","","","","","","",""
"Ｔ-17 し尿_Ｂ．し尿処理の状況_総処理量（総排出量）_市町村（組合）処理","Kﾘｯﾄﾙ","467719.0","472603.0","478507.0","490018.0","497921.0","491516.0","504853.0","506076.0","514750.0","510435.0","523624.0","528000.0","540249.0","541785.0","545281.0","549139.0","533603.0","558197.0","547146.0","541212.0","531979.0","537571.0","533070.0","534890.0","531607.0","531011.0"
"Ｔ-17 し尿_Ｂ．し尿処理の状況_総処理量（総排出量）_市町村（組合）処理_し尿処理施設","Kﾘｯﾄﾙ","441296.0","451358.0","459349.0","471826.0","479805.0","475083.0","488952.0","493123.0","502579.0","498761.0","515173.0","520155.0","533640.0","536905.0","540842.0","544868.0","529922.0","555615.0","545238.0","539655.0","530468.0","536305.0","531857.0","533715.0","530498.0","530011.0"
"Ｔ-17 し尿_Ｂ．し尿処理の状況_総処理量（総排出量）_市町村（組合）処理_ごみ堆肥化施設","Kﾘｯﾄﾙ","","","","","","","","","","","","","486055.0","471195.0","492669.0","502109.0","525437.0","533892.0","531715.0","537683.0","526069.0","533131.0","531169.0","533036.0","530116.0","529604.0"
"Ｔ-17 し尿_Ｂ．し尿処理の状況_総処理量（総排出量）_市町村（組合）処理_下水道投入","Kﾘｯﾄﾙ","－ ","－ ","－ ","－ ","－ ","－ ","－ ","－ ","－ ","－ ","－ ","－ ","－ ","－ ","－ ","－ ","－ ","－ ","－ ","－ ","－ ","70.0","429.0","300.0","－ ","－ "
"Ｔ-17 し尿_Ｂ．し尿処理の状況_総処理量（総排出量）_市町村（組合）処理_海洋投入","Kﾘｯﾄﾙ","652.0","119.0","87.0","80.0","77.0","71.0","72.0","2895.0","2359.0","2727.0","2523.0","2694.0","2846.0","3267.0","2916.0","633.0","868.0","18922.0","1021.0","339.0","371.0","2403.0","259.0","379.0","382.0","407.0"
"Ｔ-17 し尿_Ｂ．し尿処理の状況_総処理量（総排出量）_市町村（組合）処理_農地還元","Kﾘｯﾄﾙ","88537.0","108990.0","126288.0","118537.0","95498.0","81790.0","85030.0","83446.0","83145.0","79537.0","44037.0","44511.0","44739.0","62443.0","45257.0","42126.0","3604.0","2798.0","12502.0","1492.0","4028.0","701.0","－ ","－ ","－ ","－ "
"Ｔ-17 し尿_Ｂ．し尿処理の状況_総処理量（総排出量）_自家処理","Kﾘｯﾄﾙ","－ ","－ ","－ ","－ ","－ ","－ ","－ ","－ ","－ ","－ ","－ ","－ ","－ ","－ ","－ ","－ ","13.0","3.0","－ ","－ ","－ ","－ ","－ ","－ ","－ ","－ "
"Ｔ-17 し尿_Ｂ．し尿処理の状況_集計総量","Kﾘｯﾄﾙ","26423.0","21245.0","19158.0","18192.0","18116.0","16433.0","15901.0","12953.0","12171.0","11674.0","8451.0","7845.0","6609.0","4880.0","4439.0","4271.0","3681.0","2582.0","1908.0","1698.0","1511.0","1266.0","1213.0","1175.0","1109.0","1000.0"
"Ｔ-17 し尿_Ｂ．し尿処理の状況_集計総量_し尿","Kﾘｯﾄﾙ","－ ","－ ","－ ","－ ","－ ","－ ","－ ","493123.0","502579.0","498761.0","515173.0","520155.0","533640.0","536905.0","540842.0","544868.0","529922.0","555615.0","545238.0","539655.0","530468.0","535994.0","532278.0","533717.0","530727.0","530011.0"
"Ｔ-17 し尿_Ｂ．し尿処理の状況_集計総量_浄化槽汚泥","Kﾘｯﾄﾙ","－ ","－ ","－ ","－ ","－ ","－ ","－ ","－ ","－ ","354394.0","359705.0","356880.0","363354.0","351126.0","344858.0","327933.0","302202.0","274029.0","252267.0","238345.0","216898.0","205804.0","194541.0","203278.0","195299.0","181949.0"
"","Kﾘｯﾄﾙ","－ ","－ ","－ ","－ ","－ ","－ ","－ ","－ ","－ ","144367.0","155468.0","163275.0","170286.0","185779.0","195984.0","216935.0","227720.0","281586.0","292971.0","301310.0","313570.0","330190.0","337737.0","330439.0","335428.0","348062.0"
"","","","","","","","","","","","","","","","","","","","","","","","","","","",""
"Ｔ-20 大気汚染，騒音振動，水質汚染等の苦情件数_Ａ．苦情件数の推移_総数","","","","","","","","","","","","","","","","","","","","","","","","","","",""
"Ｔ-20 大気汚染，騒音振動，水質汚染等の苦情件数_Ａ．苦情件数の推移_総数_典型７公害計","件","484.0","－ ","－ ","－ ","－ ","605.0","558.0","515.0","564.0","488.0","428.0","437.0","479.0","517.0","527.0","515.0","1036.0","1237.0","1584.0","1328.0","1262.0","1208.0","1153.0","994.0","813.0","837.0"
"Ｔ-20 大気汚染，騒音振動，水質汚染等の苦情件数_Ａ．苦情件数の推移_総数_典型７公害計_大気汚染","件","384.0","－ ","－ ","－ ","－ ","369.0","317.0","331.0","300.0","358.0","307.0","325.0","355.0","422.0","380.0","419.0","483.0","692.0","672.0","661.0","569.0","508.0","559.0","508.0","360.0","423.0"
"Ｔ-20 大気汚染，騒音振動，水質汚染等の苦情件数_Ａ．苦情件数の推移_総数_典型７公害計_水質汚染","件","79.0","－ ","－ ","－ ","－ ","94.0","88.0","80.0","77.0","95.0","86.0","79.0","146.0","191.0","187.0","179.0","243.0","329.0","318.0","267.0","195.0","159.0","215.0","184.0","162.0","111.0"
"Ｔ-20 大気汚染，騒音振動，水質汚染等の苦情件数_Ａ．苦情件数の推移_総数_典型７公害計_土壌汚染","件","90.0","－ ","－ ","－ ","－ ","78.0","59.0","59.0","69.0","61.0","53.0","53.0","63.0","73.0","41.0","65.0","93.0","113.0","112.0","130.0","148.0","147.0","150.0","116.0","57.0","101.0"
"Ｔ-20 大気汚染，騒音振動，水質汚染等の苦情件数_Ａ．苦情件数の推移_総数_典型７公害計_騒音","件","1.0","－ ","－ ","－ ","－ ","1.0","1.0","4.0","2.0","3.0","2.0","-","-","-","1.0","－ ","4.0","4.0","3.0","2.0","2.0","1.0","3.0","－ ","2.0","1.0"
"Ｔ-20 大気汚染，騒音振動，水質汚染等の苦情件数_Ａ．苦情件数の推移_総数_典型７公害計_震動","件","129.0","－ ","－ ","－ ","－ ","103.0","96.0","106.0","85.0","92.0","80.0","86.0","62.0","82.0","81.0","83.0","63.0","91.0","99.0","87.0","90.0","85.0","91.0","75.0","52.0","82.0"
"Ｔ-20 大気汚染，騒音振動，水質汚染等の苦情件数_Ａ．苦情件数の推移_総数_典型７公害計_地盤沈下","件","14.0","－ ","－ ","－ ","－ ","10.0","4.0","9.0","7.0","10.0","8.0","8.0","7.0","6.0","5.0","8.0","5.0","7.0","7.0","8.0","7.0","10.0","11.0","11.0","1.0","9.0"
"Ｔ-20 大気汚染，騒音振動，水質汚染等の苦情件数_Ａ．苦情件数の推移_総数_典型７公害計_悪臭","件","－ ","－ ","－ ","－ ","－ ","－ ","0.0","0.0","-","-","-","-","-","-","-","－ ","－ ","－ ","－ ","－ ","－ ","1.0","1.0","－ ","－ ","－ "
"Ｔ-20 大気汚染，騒音振動，水質汚染等の苦情件数_Ａ．苦情件数の推移_総数_その他の公害","件","71.0","－ ","－ ","－ ","－ ","83.0","69.0","73.0","60.0","97.0","78.0","99.0","77.0","70.0","65.0","84.0","75.0","148.0","133.0","167.0","127.0","105.0","88.0","122.0","86.0","119.0"
